Number,Name,Type,Value,Query,Note,Role,Depend On
1,[DBD] INVERA - Monitoring EDC FMS v2,Dashboard,https://drive.google.com/file/d/1FYXCPxXxKd9eRZCw9KwjeeTnlVRigAEa/view?usp=drive_link,,,Invera,"[2,3]"
2,logstash-assets,Index,"{""mappings"":{""_meta"":{""created_by"":""file-data-visualizer""},""properties"":{""@timestamp"":{""type"":""date""},""@version"":{""type"":""text"",""fields"":{""keyword"":{""type"":""keyword"",""ignore_above"":256}}},""asset_age"":{""type"":""long""},""asset_batch_date"":{""type"":""date""},""asset_category"":{""type"":""text"",""fields"":{""keyword"":{""type"":""keyword"",""ignore_above"":256}}},""asset_condition"":{""type"":""text"",""fields"":{""keyword"":{""type"":""keyword"",""ignore_above"":256}}},""asset_created_date"":{""type"":""date""},""asset_curr_cycle"":{""type"":""text"",""fields"":{""keyword"":{""type"":""keyword"",""ignore_above"":256}}},""asset_deleted_date"":{""type"":""date""},""asset_id"":{""type"":""text"",""fields"":{""keyword"":{""type"":""keyword"",""ignore_above"":256}}},""asset_idle_time_in_month"":{""type"":""long""},""asset_imei"":{""type"":""text"",""fields"":{""keyword"":{""type"":""keyword"",""ignore_above"":256}}},""asset_last_cycle"":{""type"":""text"",""fields"":{""keyword"":{""type"":""keyword"",""ignore_above"":256}}},""asset_last_updated_by_department"":{""type"":""text"",""fields"":{""keyword"":{""type"":""keyword"",""ignore_above"":256}}},""asset_last_updated_by_email"":{""type"":""text"",""fields"":{""keyword"":{""type"":""keyword"",""ignore_above"":256}}},""asset_last_updated_by_name"":{""type"":""text"",""fields"":{""keyword"":{""type"":""keyword"",""ignore_above"":256}}},""asset_last_updated_by_region"":{""type"":""text"",""fields"":{""keyword"":{""type"":""keyword"",""ignore_above"":256}}},""asset_last_updated_by_superior_email"":{""type"":""text"",""fields"":{""keyword"":{""type"":""keyword"",""ignore_above"":256}}},""asset_last_updated_by_superior_name"":{""type"":""text"",""fields"":{""keyword"":{""type"":""keyword"",""ignore_above"":256}}},""asset_last_updated_by_work_unit"":{""type"":""text"",""fields"":{""keyword"":{""type"":""keyword"",""ignore_above"":256}}},""asset_mid"":{""type"":""text"",""fields"":{""keyword"":{""type"":""keyword"",""ignore_above"":256}}},""asset_name"":{""type"":""text"",""fields"":{""keyword"":{""type"":""keyword"",""ignore_above"":256}}},""asset_opname_date"":{""type"":""date""},""asset_poi"":{""type"":""text"",""fields"":{""keyword"":{""type"":""keyword"",""ignore_above"":256}}},""asset_sn"":{""type"":""text"",""fields"":{""keyword"":{""type"":""keyword"",""ignore_above"":256}}},""asset_specification"":{""type"":""text"",""fields"":{""keyword"":{""type"":""keyword"",""ignore_above"":256}}},""asset_status"":{""type"":""text"",""fields"":{""keyword"":{""type"":""keyword"",""ignore_above"":256}}},""asset_tid"":{""type"":""text"",""fields"":{""keyword"":{""type"":""keyword"",""ignore_above"":256}}},""asset_type"":{""type"":""text"",""fields"":{""keyword"":{""type"":""keyword"",""ignore_above"":256}}},""asset_updated_date"":{""type"":""date""},""asset_work_unit"":{""type"":""text"",""fields"":{""keyword"":{""type"":""keyword"",""ignore_above"":256}}},""asset_work_unit_address"":{""type"":""text"",""fields"":{""keyword"":{""type"":""keyword"",""ignore_above"":256}}},""asset_work_unit_region"":{""type"":""text"",""fields"":{""keyword"":{""type"":""keyword"",""ignore_above"":256}}},""asset_work_unit_team_altname"":{""type"":""text"",""fields"":{""keyword"":{""type"":""keyword"",""ignore_above"":256}}},""asset_work_unit_team_name"":{""type"":""text"",""fields"":{""keyword"":{""type"":""keyword"",""ignore_above"":256}}},""is_missing"":{""type"":""text"",""fields"":{""keyword"":{""type"":""keyword"",""ignore_above"":256}}},""opname_date"":{""type"":""date""},""opname_name"":{""type"":""text"",""fields"":{""keyword"":{""type"":""keyword"",""ignore_above"":256}}},""opname_region"":{""type"":""text"",""fields"":{""keyword"":{""type"":""keyword"",""ignore_above"":256}}},""opname_status"":{""type"":""text"",""fields"":{""keyword"":{""type"":""keyword"",""ignore_above"":256}}},""tags"":{""type"":""text"",""fields"":{""keyword"":{""type"":""keyword"",""ignore_above"":256}}}}}}","SELECT pa.created_at AS asset_created_date, pa.updated_at AS asset_updated_date, pa.deleted_at AS asset_deleted_date, pa.id AS asset_id, pa.batch_date AS asset_batch_date, TRIM(pa.poi) AS asset_poi, TRIM(pa.imei) AS asset_imei, UPPER(pa.serial_number) AS asset_sn, TRIM(pa.tid) AS asset_tid, TRIM(pa.mid) asset_mid, TRIM(pc.name) AS asset_name, TRIM(pc.specification) AS asset_specification, TRIM(pi.name) AS asset_type, TRIM(pac.name) AS asset_category, TRIM(pco.name) AS asset_condition, TRIM(pas.name) AS asset_status, TIMESTAMPDIFF(YEAR, pa.batch_date, now()) AS asset_age, CASE WHEN pa.asset_status_id = 3 THEN 0 ELSE TIMESTAMPDIFF(MONTH, pa.updated_at, now()) END AS asset_idle_time_in_month, TRIM(pwu.name) AS asset_work_unit, TRIM(pwu.address) AS asset_work_unit_address, COALESCE(TRIM(prp.name), TRIM(pr.name), 'OPS BSD') AS asset_work_unit_region, TRIM(pt.name) AS asset_work_unit_team_name, COALESCE(CASE WHEN LOWER(pt.name) = 'PCS-07M' THEN 'PCS' ELSE TRIM(pt.alt_name) END, 'PCS') AS asset_work_unit_team_altname, TRIM(pa.latest_cycle) as asset_curr_cycle, TRIM(pa.cycle) AS asset_last_cycle, TRIM(pu1.name) AS asset_last_updated_by_name, TRIM(pu1.email) AS asset_last_updated_by_email, TRIM(pd.name) AS asset_last_updated_by_department, TRIM(pu2.name) AS asset_last_updated_by_superior_name, TRIM(pu2.email) AS asset_last_updated_by_superior_email, TRIM(pwuu.name) AS asset_last_updated_by_work_unit, COALESCE(TRIM(prpu.name), TRIM(pru.name), 'OPS BSD') AS asset_last_updated_by_region, op.asset_opname_date, TRIM(op.opname_name) AS opname_name, TRIM(op.opname_region) AS opname_region, op.opname_date, op.opname_status, CASE WHEN TIMESTAMPDIFF(MONTH, GREATEST(COALESCE(op.asset_opname_date, '1970-01-01'), COALESCE( op.opname_date, '1970-01-01')), now()) > 3 AND pa.asset_status_id NOT IN (1,3,19) THEN 1 ELSE 0 END AS is_missing FROM picas.assets AS pa LEFT JOIN picas.catalogs AS pc ON pc.id = pa.catalog_id LEFT JOIN picas.items AS pi ON pi.id = pc.item_id LEFT JOIN picas.asset_sub_categories AS pac ON pac.id = pi.asset_sub_category_id LEFT JOIN picas.conditions AS pco ON pco.id = pa.condition_id LEFT JOIN picas.asset_statuses AS pas ON pas.id = pa.asset_status_id LEFT JOIN picas.work_units AS pwu ON pwu.id = pa.work_unit_id LEFT JOIN picas.regions AS pr ON pr.id = pwu.region_id LEFT JOIN picas.regions AS prp ON prp.id = pr.parent_id LEFT JOIN picas.teams AS pt ON pt.id = pwu.team_id LEFT JOIN picas.users AS pu1 ON pu1.id = pa.user_id LEFT JOIN picas.departments AS pd ON pd.id = pu1.department_id LEFT JOIN picas.users AS pu2 ON pu2.id = pu1.superior_id LEFT JOIN picas.work_units AS pwuu ON pwuu.id = pu1.work_unit_id LEFT JOIN picas.regions AS pru ON pru.id = pwuu.region_id LEFT JOIN picas.regions AS prpu ON prpu.id = pru.parent_id LEFT JOIN ( SELECT UPPER(paor.serial_number) AS asset_sn, paor.created_at AS asset_opname_date, pao.title AS opname_name, pao.created_at AS opname_date, COALESCE(prop.name, pro.name) AS opname_region, paorst.name AS opname_status, pao.asset_opname_status_id, ROW_NUMBER() OVER(PARTITION BY paor.serial_number ORDER BY paor.created_at DESC) AS rn FROM picas.asset_opname_results AS paor LEFT JOIN picas.asset_opname_result_statuses paorst ON paorst.id = paor.asset_opname_result_status_id LEFT JOIN picas.asset_opname_regions AS paors ON paors.id = paor.asset_opname_region_id LEFT JOIN picas.regions AS pro ON pro.id = paors.region_id LEFT JOIN picas.regions AS prop ON prop.id = pro.parent_id LEFT JOIN picas.asset_opnames AS pao ON pao.id = paors.asset_opname_id AND pao.asset_opname_status_id = 6 WHERE paor.is_verified = 1 ) AS op ON op.asset_sn = UPPER(pa.serial_number) AND op.rn = 1 AND op.asset_opname_status_id = 6 WHERE 1=1 AND pi.name = 'EDC' ;",,,[3]
3,transform-stock_mentor_meri-v04,Index,"{""mappings"":{""_meta"":{""created_by"":""transform"",""_transform"":{""transform"":""transform-stock_mentor_meri-v03"",""version"":{""created"":""10.0.0""},""creation_date_in_millis"":1752809712115}},""properties"":{""@timestamp"":{""type"":""date""},""edc_count"":{""type"":""long""},""ro_name_rt"":{""type"":""keyword""},""technician_name"":{""type"":""keyword""}}}}","{""id"":""transform-stock_mentor_meri-v04"",""authorization"":{""roles"":[""[ROL] DBI Intern""]},""version"":""10.0.0"",""create_time"":1752810190499,""source"":{""index"":[""logstash-stock_mentor_details""],""query"":{""bool"":{""filter"":[{""bool"":{""filter"":[{""bool"":{""must_not"":{""bool"":{""should"":[{""exists"":{""field"":""deleted_at""}}],""minimum_should_match"":1}}}},{""bool"":{""must_not"":{""bool"":{""should"":[{""exists"":{""field"":""sp_id""}}],""minimum_should_match"":1}}}},{""bool"":{""should"":[{""bool"":{""should"":[{""term"":{""status.keyword"":{""value"":""PULL""}}}],""minimum_should_match"":1}},{""bool"":{""should"":[{""term"":{""status.keyword"":{""value"":""PULLED""}}}],""minimum_should_match"":1}},{""bool"":{""should"":[{""term"":{""status.keyword"":{""value"":""READY""}}}],""minimum_should_match"":1}}],""minimum_should_match"":1}},{""bool"":{""should"":[{""exists"":{""field"":""technician_id""}}],""minimum_should_match"":1}}]}}]}}},""dest"":{""index"":""transform-stock_mentor_meri"",""pipeline"":""adding_default_timestamp""},""sync"":{""time"":{""field"":""@timestamp"",""delay"":""60s""}},""pivot"":{""group_by"":{""ro_name_rt"":{""terms"":{""field"":""technician_work_unit_region.keyword""}},""technician_name"":{""terms"":{""field"":""technician_name.keyword""}}},""aggregations"":{""edc_count"":{""value_count"":{""field"":""sn.keyword""}}}},""settings"":{}}",,,[4]
4,logstash-stock_mentor_details,Index,"{""mappings"":{""properties"":{""@timestamp"":{""type"":""date""},""@version"":{""type"":""text"",""fields"":{""keyword"":{""type"":""keyword"",""ignore_above"":256}}},""created_at"":{""type"":""date""},""deleted_at"":{""type"":""date""},""inventory_id"":{""type"":""keyword""},""inventory_type"":{""type"":""text"",""fields"":{""keyword"":{""type"":""keyword"",""ignore_above"":256}}},""poi"":{""type"":""keyword""},""sn"":{""type"":""text"",""fields"":{""keyword"":{""type"":""keyword"",""ignore_above"":256}}},""sp_id"":{""type"":""keyword""},""sp_name"":{""type"":""text"",""fields"":{""keyword"":{""type"":""keyword"",""ignore_above"":256}}},""status"":{""type"":""text"",""fields"":{""keyword"":{""type"":""keyword"",""ignore_above"":256}}},""tags"":{""type"":""text"",""fields"":{""keyword"":{""type"":""keyword"",""ignore_above"":256}}},""technician_id"":{""type"":""keyword""},""technician_name"":{""type"":""text"",""fields"":{""keyword"":{""type"":""keyword"",""ignore_above"":256}}},""technician_work_unit_region"":{""type"":""text"",""fields"":{""keyword"":{""type"":""keyword"",""ignore_above"":256}}},""updated_at"":{""type"":""date""}}}}",SELECT i.inventory_id, i.created_at, i.updated_at, i.deleted_at, i.sn, i.poi, i.inventory_type, i.status, ud.technician_id, ud.technician_name, i.sp_id, i.name AS sp_name, ud.technician_work_unit_region FROM ( SELECT mi.id AS inventory_id, CASE WHEN mi.created_at <= '1970-01-01 00:00:00' THEN NULL ELSE mi.created_at END as created_at, CASE WHEN mi.updated_at <= '1970-01-01 00:00:00' THEN NULL ELSE mi.updated_at END as updated_at, CASE WHEN mi.deleted_at <= '1970-01-01 00:00:00' THEN NULL ELSE mi.deleted_at END as deleted_at, mi.poi, mi.user_id AS technician_id, mi.sn, UPPER(TRIM(mi.status)) AS status, mi.sp_id, misps.name, mi.inventory_type_id, mit.name AS inventory_type FROM mavis.inventories AS mi LEFT JOIN mavis.inventory_types AS mit ON mit.id = mi.inventory_type_id LEFT JOIN mavis.sps AS misps ON misps.id = mi.sp_id WHERE mi.sn REGEXP '^[A-Za-z][A-Za-z0-9]*$' ) AS i LEFT JOIN ( SELECT mu.id AS technician_id, mu.name AS technician_name, TRIM(msp.name) AS technician_work_unit_region FROM mavis.users AS mu LEFT JOIN mavis.sps AS msp ON msp.id = mu.sp_id ) AS ud ON ud.technician_id = i.technician_id;,,,
5,Dashboard POSe Subscription,Dashboard,https://drive.google.com/file/d/1stSFo1QlIR6fGOeQdznGFoDLG-J13JQt/view?usp=drive_link,,,TAP,[6]
6,cdc-tap-dm_pose_subscriptions,Index,"{""mappings"":{""properties"":{""__deleted"":{""type"":""text"",""fields"":{""keyword"":{""type"":""keyword"",""ignore_above"":256}}},""cdc_sync_at"":{""type"":""date""},""created_at"":{""type"":""date""},""deleted_at"":{""type"":""date""},""deposit_price"":{""type"":""long""},""expired_date"":{""type"":""date""},""greatest_updated_at"":{""type"":""date""},""id"":{""type"":""text"",""fields"":{""keyword"":{""type"":""keyword"",""ignore_above"":256}}},""is_first_time"":{""type"":""boolean""},""is_paid"":{""type"":""boolean""},""merchant_address"":{""type"":""text"",""fields"":{""keyword"":{""type"":""keyword"",""ignore_above"":256}}},""merchant_kab_kot_name"":{""type"":""text"",""fields"":{""keyword"":{""type"":""keyword"",""ignore_above"":256}}},""merchant_kec_kel_name"":{""type"":""text"",""fields"":{""keyword"":{""type"":""keyword"",""ignore_above"":256}}},""merchant_name"":{""type"":""text"",""fields"":{""keyword"":{""type"":""keyword"",""ignore_above"":256}}},""merchant_owner_email"":{""type"":""text"",""fields"":{""keyword"":{""type"":""keyword"",""ignore_above"":256}}},""merchant_owner_name"":{""type"":""text"",""fields"":{""keyword"":{""type"":""keyword"",""ignore_above"":256}}},""merchant_phone"":{""type"":""text"",""fields"":{""keyword"":{""type"":""keyword"",""ignore_above"":256}}},""merchant_pose_username"":{""type"":""text"",""fields"":{""keyword"":{""type"":""keyword"",""ignore_above"":256}}},""merchant_province_name"":{""type"":""text"",""fields"":{""keyword"":{""type"":""keyword"",""ignore_above"":256}}},""payment_date"":{""type"":""date""},""payment_method"":{""type"":""text"",""fields"":{""keyword"":{""type"":""keyword"",""ignore_above"":256}}},""qty"":{""type"":""long""},""regional_office"":{""type"":""text"",""fields"":{""keyword"":{""type"":""keyword"",""ignore_above"":256}}},""sales_head_name"":{""type"":""text"",""fields"":{""keyword"":{""type"":""keyword"",""ignore_above"":256}}},""sales_leader_name"":{""type"":""text"",""fields"":{""keyword"":{""type"":""keyword"",""ignore_above"":256}}},""sales_manager_name"":{""type"":""text"",""fields"":{""keyword"":{""type"":""keyword"",""ignore_above"":256}}},""sales_name"":{""type"":""text"",""fields"":{""keyword"":{""type"":""keyword"",""ignore_above"":256}}},""sales_referral_code"":{""type"":""text"",""fields"":{""keyword"":{""type"":""keyword"",""ignore_above"":256}}},""source"":{""type"":""text"",""fields"":{""keyword"":{""type"":""keyword"",""ignore_above"":256}}},""started_date"":{""type"":""date""},""submission_type"":{""type"":""text"",""fields"":{""keyword"":{""type"":""keyword"",""ignore_above"":256}}},""subscription_package"":{""type"":""text"",""fields"":{""keyword"":{""type"":""keyword"",""ignore_above"":256}}},""subscription_price"":{""type"":""long""}}}}",,,,[22]
9,s_view.pose_users_dummy,View,,CREATE OR REPLACE VIEW s_view.pose_users_dummy AS SELECT users.username FROM s_cdc_subscription.users WHERE 1 = 1 AND (users.username ~~ '%dummy%'::text OR users.username ~~ '%test%'::text OR users.username ~~ '%sales%'::text) UNION SELECT DISTINCT submission_poses.user_name AS username FROM s_cdc_tap.submission_poses WHERE 1 = 1 AND submission_poses.tag = 2 AND (submission_poses.user_name ~~ '%dummy%'::text OR submission_poses.user_name ~~ '%test%'::text OR submission_poses.user_name ~~ '%sales%'::text);,,,"[27,33]"
10,Dashboard POSe Revenue - v01,Dashboard,https://drive.google.com/file/d/19zb61HB2HjRXwx--QVdlTF4qs8qt76hR/view?usp=drive_link,,,TAP,[6]
11,Dashboard Point Cashier Loyalty-v2,Dashboard,,,,TAP,[12]
12,cdc-internal-dm_cashloy_daily_point,Index,"{""mappings"":{""properties"":{""@timestamp"":{""type"":""date""},""__deleted"":{""type"":""text"",""fields"":{""keyword"":{""type"":""keyword"",""ignore_above"":256}}},""accumulative_point_pending"":{""type"":""long""},""accumulative_point_success"":{""type"":""long""},""accumulative_redeem_pending"":{""type"":""long""},""accumulative_redeem_success"":{""type"":""long""},""cdc_sync_at"":{""type"":""date""},""daily_new_user"":{""type"":""long""},""daily_point_pending"":{""type"":""long""},""daily_point_success"":{""type"":""long""},""daily_redeem_pending"":{""type"":""long""},""daily_redeem_success"":{""type"":""long""},""date_id"":{""type"":""date""},""doc_id"":{""type"":""text"",""fields"":{""keyword"":{""type"":""keyword"",""ignore_above"":256}}},""first_check_in"":{""type"":""date""},""last_check_out"":{""type"":""date""},""registered_mid"":{""type"":""text"",""fields"":{""keyword"":{""type"":""keyword"",""ignore_above"":256}}},""registered_tid"":{""type"":""text"",""fields"":{""keyword"":{""type"":""keyword"",""ignore_above"":256}}},""tags"":{""type"":""text"",""fields"":{""keyword"":{""type"":""keyword"",""ignore_above"":256}}},""user_created_at"":{""type"":""date""},""user_deleted_at"":{""type"":""date""},""user_email"":{""type"":""text"",""fields"":{""keyword"":{""type"":""keyword"",""ignore_above"":256}}},""user_id"":{""type"":""text"",""fields"":{""keyword"":{""type"":""keyword"",""ignore_above"":256}}},""user_initial"":{""type"":""text"",""fields"":{""keyword"":{""type"":""keyword"",""ignore_above"":256}}},""user_name"":{""type"":""text"",""fields"":{""keyword"":{""type"":""keyword"",""ignore_above"":256}}},""user_role_description"":{""type"":""text"",""fields"":{""keyword"":{""type"":""keyword"",""ignore_above"":256}}},""user_role_id"":{""type"":""text"",""fields"":{""keyword"":{""type"":""keyword"",""ignore_above"":256}}},""user_role_name"":{""type"":""text"",""fields"":{""keyword"":{""type"":""keyword"",""ignore_above"":256}}},""user_updated_at"":{""type"":""date""}}}}",,,,[1]
15,Dashboard POSe Revenue Regional Only - v01,Dashboard,https://drive.google.com/file/d/1VfLUtOytPXoeVxuL8qk994tagwUJIyLi/view?usp=drive_link,,,TAP,"[6,16]"
16,transform-pivot-pose_all_subscription_per_sales_per_month,Index,"{""mappings"":{""properties"":{""__deleted"":{""type"":""text"",""fields"":{""keyword"":{""type"":""keyword"",""ignore_above"":256}}},""cdc_sync_at"":{""type"":""date""},""created_at"":{""type"":""date""},""deleted_at"":{""type"":""date""},""deposit_price"":{""type"":""long""},""expired_date"":{""type"":""date""},""greatest_updated_at"":{""type"":""date""},""id"":{""type"":""text"",""fields"":{""keyword"":{""type"":""keyword"",""ignore_above"":256}}},""is_first_time"":{""type"":""boolean""},""is_paid"":{""type"":""boolean""},""merchant_address"":{""type"":""text"",""fields"":{""keyword"":{""type"":""keyword"",""ignore_above"":256}}},""merchant_kab_kot_name"":{""type"":""text"",""fields"":{""keyword"":{""type"":""keyword"",""ignore_above"":256}}},""merchant_kec_kel_name"":{""type"":""text"",""fields"":{""keyword"":{""type"":""keyword"",""ignore_above"":256}}},""merchant_name"":{""type"":""text"",""fields"":{""keyword"":{""type"":""keyword"",""ignore_above"":256}}},""merchant_owner_email"":{""type"":""text"",""fields"":{""keyword"":{""type"":""keyword"",""ignore_above"":256}}},""merchant_owner_name"":{""type"":""text"",""fields"":{""keyword"":{""type"":""keyword"",""ignore_above"":256}}},""merchant_phone"":{""type"":""text"",""fields"":{""keyword"":{""type"":""keyword"",""ignore_above"":256}}},""merchant_pose_username"":{""type"":""text"",""fields"":{""keyword"":{""type"":""keyword"",""ignore_above"":256}}},""merchant_province_name"":{""type"":""text"",""fields"":{""keyword"":{""type"":""keyword"",""ignore_above"":256}}},""payment_date"":{""type"":""date""},""payment_method"":{""type"":""text"",""fields"":{""keyword"":{""type"":""keyword"",""ignore_above"":256}}},""qty"":{""type"":""long""},""regional_office"":{""type"":""text"",""fields"":{""keyword"":{""type"":""keyword"",""ignore_above"":256}}},""sales_head_name"":{""type"":""text"",""fields"":{""keyword"":{""type"":""keyword"",""ignore_above"":256}}},""sales_leader_name"":{""type"":""text"",""fields"":{""keyword"":{""type"":""keyword"",""ignore_above"":256}}},""sales_manager_name"":{""type"":""text"",""fields"":{""keyword"":{""type"":""keyword"",""ignore_above"":256}}},""sales_name"":{""type"":""text"",""fields"":{""keyword"":{""type"":""keyword"",""ignore_above"":256}}},""sales_referral_code"":{""type"":""text"",""fields"":{""keyword"":{""type"":""keyword"",""ignore_above"":256}}},""source"":{""type"":""text"",""fields"":{""keyword"":{""type"":""keyword"",""ignore_above"":256}}},""started_date"":{""type"":""date""},""submission_type"":{""type"":""text"",""fields"":{""keyword"":{""type"":""keyword"",""ignore_above"":256}}},""subscription_package"":{""type"":""text"",""fields"":{""keyword"":{""type"":""keyword"",""ignore_above"":256}}},""subscription_price"":{""type"":""long""}}}}","{""id"":""transform-pivot-pose_all_subscription_per_sales_per_month-v01"",""authorization"":{""roles"":[""[ROL] DBI Intern"",""superuser""]},""version"":""10.0.0"",""create_time"":1768883409667,""source"":{""index"":[""cdc-tap-dm_pose_subscriptions""],""query"":{""bool"":{""must"":[{""term"":{""is_paid"":true}}]}}},""dest"":{""index"":""transform-pivot-pose_all_subscription_per_sales_per_month""},""sync"":{""time"":{""field"":""cdc_sync_at"",""delay"":""60s""}},""pivot"":{""group_by"":{""sales_name"":{""terms"":{""field"":""sales_name.keyword""}},""regional_office"":{""terms"":{""field"":""regional_office.keyword""}},""submission_type"":{""terms"":{""field"":""submission_type.keyword""}},""created_at"":{""date_histogram"":{""field"":""created_at"",""calendar_interval"":""1M"",""time_zone"":""Asia/Jakarta""}}},""aggregations"":{""sum.subscription_price"":{""sum"":{""field"":""subscription_price""}}}},""description"":""Mendapatkan Summary Subscription Price per Sales per Month"",""settings"":{}}",source: dari no 5,,[6]
17,Dashboard Reseller POSe Revenue,Dashboard,https://drive.google.com/file/d/12AdebB1OC_yWN9bt1lHaV4IrRB2p4xK4/view?usp=drive_link,,,TAP,"[6,18]"
18,subscription_qrset_marketing,Index,"{""mappings"":{""properties"":{""cdc_sync_at"":{""type"":""date""},""created_at"":{""type"":""date""},""expired_date"":{""type"":""date""},""greatest_updated_at"":{""type"":""date""},""id"":{""type"":""text"",""fields"":{""keyword"":{""type"":""keyword"",""ignore_above"":256}}},""is_first_time"":{""type"":""boolean""},""is_paid"":{""type"":""boolean""},""merchant_address"":{""type"":""text"",""fields"":{""keyword"":{""type"":""keyword"",""ignore_above"":256}}},""merchant_name"":{""type"":""text"",""fields"":{""keyword"":{""type"":""keyword"",""ignore_above"":256}}},""merchant_owner_email"":{""type"":""text"",""fields"":{""keyword"":{""type"":""keyword"",""ignore_above"":256}}},""merchant_owner_name"":{""type"":""text"",""fields"":{""keyword"":{""type"":""keyword"",""ignore_above"":256}}},""merchant_phone"":{""type"":""text"",""fields"":{""keyword"":{""type"":""keyword"",""ignore_above"":256}}},""regional_office"":{""type"":""text"",""fields"":{""keyword"":{""type"":""keyword"",""ignore_above"":256}}},""sales_leader_name"":{""type"":""text"",""fields"":{""keyword"":{""type"":""keyword"",""ignore_above"":256}}},""sales_name"":{""type"":""text"",""fields"":{""keyword"":{""type"":""keyword"",""ignore_above"":256}}},""source"":{""type"":""text"",""fields"":{""keyword"":{""type"":""keyword"",""ignore_above"":256}}},""submission_type"":{""type"":""text"",""fields"":{""keyword"":{""type"":""keyword"",""ignore_above"":256}}},""subscription_package"":{""type"":""text"",""fields"":{""keyword"":{""type"":""keyword"",""ignore_above"":256}}},""subscription_price"":{""type"":""long""},""tag"":{""type"":""keyword""}}}}",,belum ditemukan table di postgre,,[6]
21,Dashboard Monitoring TAP Marketing - v01,Dashboard,https://drive.google.com/file/d/16aWJ1-OMl2EDD6RpwMZnsLkg1Pw8BXXU/view?usp=drive_link,,,TAP,[22]
22,cdc-tap-submission_poses,Index,"{""mappings"":{""properties"":{""@timestamp"":{""type"":""date""},""__deleted"":{""type"":""text"",""fields"":{""keyword"":{""type"":""keyword"",""ignore_above"":256}}},""current_package"":{""type"":""text"",""fields"":{""keyword"":{""type"":""keyword"",""ignore_above"":256}}},""current_package_price"":{""type"":""long""},""current_package_started_at"":{""type"":""date""},""expired_at"":{""type"":""date""},""first_payment_method"":{""type"":""text"",""fields"":{""keyword"":{""type"":""keyword"",""ignore_above"":256}}},""first_payment_package"":{""type"":""text"",""fields"":{""keyword"":{""type"":""keyword"",""ignore_above"":256}}},""first_payment_price"":{""type"":""long""},""first_subscribe_at"":{""type"":""date""},""greatest_cdc_sync_at"":{""type"":""date""},""greatest_updated_at"":{""type"":""date""},""is_active"":{""type"":""long""},""manager_ro_name"":{""type"":""text"",""fields"":{""keyword"":{""type"":""keyword"",""ignore_above"":256}}},""merchant_address"":{""type"":""text"",""fields"":{""keyword"":{""type"":""keyword"",""ignore_above"":256}}},""merchant_category"":{""type"":""text"",""fields"":{""keyword"":{""type"":""keyword"",""ignore_above"":256}}},""merchant_created_at"":{""type"":""date""},""merchant_deleted_at"":{""type"":""date""},""merchant_id"":{""type"":""text"",""fields"":{""keyword"":{""type"":""keyword"",""ignore_above"":256}}},""merchant_kab_kot_id"":{""type"":""text"",""fields"":{""keyword"":{""type"":""keyword"",""ignore_above"":256}}},""merchant_kab_kot_name"":{""type"":""text"",""fields"":{""keyword"":{""type"":""keyword"",""ignore_above"":256}}},""merchant_kec_kel_id"":{""type"":""text"",""fields"":{""keyword"":{""type"":""keyword"",""ignore_above"":256}}},""merchant_kec_kel_name"":{""type"":""text"",""fields"":{""keyword"":{""type"":""keyword"",""ignore_above"":256}}},""merchant_name"":{""type"":""text"",""fields"":{""keyword"":{""type"":""keyword"",""ignore_above"":256}}},""merchant_owner_email"":{""type"":""text"",""fields"":{""keyword"":{""type"":""keyword"",""ignore_above"":256}}},""merchant_owner_name"":{""type"":""text"",""fields"":{""keyword"":{""type"":""keyword"",""ignore_above"":256}}},""merchant_phone"":{""type"":""text"",""fields"":{""keyword"":{""type"":""keyword"",""ignore_above"":256}}},""merchant_pose_username"":{""type"":""text"",""fields"":{""keyword"":{""type"":""keyword"",""ignore_above"":256}}},""merchant_province_id"":{""type"":""text"",""fields"":{""keyword"":{""type"":""keyword"",""ignore_above"":256}}},""merchant_province_name"":{""type"":""text"",""fields"":{""keyword"":{""type"":""keyword"",""ignore_above"":256}}},""merchant_type"":{""type"":""text"",""fields"":{""keyword"":{""type"":""keyword"",""ignore_above"":256}}},""merchant_type_id"":{""type"":""text"",""fields"":{""keyword"":{""type"":""keyword"",""ignore_above"":256}}},""mid"":{""type"":""text"",""fields"":{""keyword"":{""type"":""keyword"",""ignore_above"":256}}},""pose_subscription_id"":{""type"":""text"",""fields"":{""keyword"":{""type"":""keyword"",""ignore_above"":256}}},""ro_address"":{""type"":""text"",""fields"":{""keyword"":{""type"":""keyword"",""ignore_above"":256}}},""ro_kab_kota_id"":{""type"":""text"",""fields"":{""keyword"":{""type"":""keyword"",""ignore_above"":256}}},""ro_kab_kota_name"":{""type"":""text"",""fields"":{""keyword"":{""type"":""keyword"",""ignore_above"":256}}},""ro_name"":{""type"":""text"",""fields"":{""keyword"":{""type"":""keyword"",""ignore_above"":256}}},""ro_province_id"":{""type"":""text"",""fields"":{""keyword"":{""type"":""keyword"",""ignore_above"":256}}},""ro_province_name"":{""type"":""text"",""fields"":{""keyword"":{""type"":""keyword"",""ignore_above"":256}}},""sales_area"":{""type"":""text"",""fields"":{""keyword"":{""type"":""keyword"",""ignore_above"":256}}},""sales_company"":{""type"":""text"",""fields"":{""keyword"":{""type"":""keyword"",""ignore_above"":256}}},""sales_email"":{""type"":""text"",""fields"":{""keyword"":{""type"":""keyword"",""ignore_above"":256}}},""sales_head_id"":{""type"":""long""},""sales_head_name"":{""type"":""text"",""fields"":{""keyword"":{""type"":""keyword"",""ignore_above"":256}}},""sales_id"":{""type"":""long""},""sales_leader_id"":{""type"":""long""},""sales_leader_name"":{""type"":""text"",""fields"":{""keyword"":{""type"":""keyword"",""ignore_above"":256}}},""sales_manager_id"":{""type"":""long""},""sales_manager_name"":{""type"":""text"",""fields"":{""keyword"":{""type"":""keyword"",""ignore_above"":256}}},""sales_name"":{""type"":""text"",""fields"":{""keyword"":{""type"":""keyword"",""ignore_above"":256}}},""sales_nik_pcs"":{""type"":""text"",""fields"":{""keyword"":{""type"":""keyword"",""ignore_above"":256}}},""sales_referral_code"":{""type"":""text"",""fields"":{""keyword"":{""type"":""keyword"",""ignore_above"":256}}},""sales_username"":{""type"":""text"",""fields"":{""keyword"":{""type"":""keyword"",""ignore_above"":256}}},""submission_pose_created_at"":{""type"":""date""},""submission_pose_deleted_at"":{""type"":""date""},""submission_pose_id"":{""type"":""text"",""fields"":{""keyword"":{""type"":""keyword"",""ignore_above"":256}}},""submission_pose_is_revision"":{""type"":""text"",""fields"":{""keyword"":{""type"":""keyword"",""ignore_above"":256}}},""submission_pose_note"":{""type"":""text"",""fields"":{""keyword"":{""type"":""keyword"",""ignore_above"":256}}},""submission_pose_revision_at"":{""type"":""date""},""submission_pose_status_id"":{""type"":""text"",""fields"":{""keyword"":{""type"":""keyword"",""ignore_above"":256}}},""submission_pose_status_name"":{""type"":""text"",""fields"":{""keyword"":{""type"":""keyword"",""ignore_above"":256}}},""submission_pose_updated_at"":{""type"":""date""},""submission_type"":{""type"":""text"",""fields"":{""keyword"":{""type"":""keyword"",""ignore_above"":256}}},""submission_type_id"":{""type"":""text"",""fields"":{""keyword"":{""type"":""keyword"",""ignore_above"":256}}},""subscribe_payment"":{""type"":""long""},""subscribe_payment_date"":{""type"":""date""},""tags"":{""type"":""text"",""fields"":{""keyword"":{""type"":""keyword"",""ignore_above"":256}}},""tid"":{""type"":""text"",""fields"":{""keyword"":{""type"":""keyword"",""ignore_above"":256}}},""total_recurring_payment"":{""type"":""long""},""training_date"":{""type"":""date""},""transform_at"":{""type"":""date""}}}}",,perlu di cek lagi table dibawah benar/tidak,,[27]
25,Dashboard POSe Revenue Digital Marketing - v01,Dashboard,https://drive.google.com/file/d/1DUHCV18_pOQDbUr3W_2YN1KHfc6LVWiL/view?usp=drive_link,,,TAP,"[6,16]"
26,TAP Sales POSe Mobile - v04,Dashboard,https://drive.google.com/file/d/1WLmrYmXAYVSVJlxxHiDDczYwpDy5XnD_/view?usp=drive_link,,,TAP,"[6,22]"
27,s_cdc_tap.submission_poses,Table,"-- s_cdc_tap.submission_poses definition -- Drop table -- DROP TABLE s_cdc_tap.submission_poses; CREATE TABLE s_cdc_tap.submission_poses ( id int8 NOT NULL, created_at timestamp(6) NULL, updated_at timestamp(6) NULL, deleted_at timestamp(6) NULL, merchant_type int8 NULL, submission_type text NULL, merchant_id int8 NULL, tids text NULL, merchant_name text NULL, pic_name text NULL, pic_phone text NULL, pic_email text NULL, ro_mavis_id int8 NULL, user_id int8 NULL, user_name text NULL, training_date timestamp(6) NULL, status int8 NULL, note text NULL, is_revision int2 DEFAULT 0 NULL, revision_at timestamp(6) NULL, address text NULL, district_id text NULL, regency_id int8 NULL, tag int8 DEFAULT 1 NULL, pose_subscription_id int8 NULL, __deleted text NULL, cdc_sync_at_utc timestamp(6) NULL, nik text NULL, qris_nik text NULL, business_description text NULL, qris_npwp text NULL, qris_account_number text NULL, ""position"" text NULL, qris_account_name text NULL, qris_bank text NULL, CONSTRAINT submission_poses_pkey PRIMARY KEY (id) ); CREATE INDEX i_cdc_tap_submission_poses_cdc_sync_at_utc ON s_cdc_tap.submission_poses USING btree (cdc_sync_at_utc); CREATE INDEX i_cdc_tap_submission_poses_created_at ON s_cdc_tap.submission_poses USING btree (created_at); CREATE INDEX i_cdc_tap_submission_poses_district_id ON s_cdc_tap.submission_poses USING btree (district_id); CREATE INDEX i_cdc_tap_submission_poses_is_revision ON s_cdc_tap.submission_poses USING btree (is_revision); CREATE INDEX i_cdc_tap_submission_poses_merchant_id ON s_cdc_tap.submission_poses USING btree (merchant_id); CREATE INDEX i_cdc_tap_submission_poses_merchant_name ON s_cdc_tap.submission_poses USING btree (merchant_name); CREATE INDEX i_cdc_tap_submission_poses_merchant_type ON s_cdc_tap.submission_poses USING btree (merchant_type); CREATE INDEX i_cdc_tap_submission_poses_pose_subscription_id ON s_cdc_tap.submission_poses USING btree (pose_subscription_id); CREATE INDEX i_cdc_tap_submission_poses_regency_id ON s_cdc_tap.submission_poses USING btree (regency_id); CREATE INDEX i_cdc_tap_submission_poses_revision_at ON s_cdc_tap.submission_poses USING btree (revision_at); CREATE INDEX i_cdc_tap_submission_poses_ro_mavis_id ON s_cdc_tap.submission_poses USING btree (ro_mavis_id); CREATE INDEX i_cdc_tap_submission_poses_status ON s_cdc_tap.submission_poses USING btree (status); CREATE INDEX i_cdc_tap_submission_poses_tag ON s_cdc_tap.submission_poses USING btree (tag); CREATE INDEX i_cdc_tap_submission_poses_tids ON s_cdc_tap.submission_poses USING btree (""left""(tids, 8)); CREATE INDEX i_cdc_tap_submission_poses_training_date ON s_cdc_tap.submission_poses USING btree (training_date); CREATE INDEX i_cdc_tap_submission_poses_user_id ON s_cdc_tap.submission_poses USING btree (user_id); CREATE INDEX i_cdc_tap_submission_poses_user_name ON s_cdc_tap.submission_poses USING btree (user_name);",,,,
29,s_staging.stg_pengajuan_pose_qrset,Table,"-- s_staging.stg_pengajuan_pose_qrset definition -- Drop table -- DROP TABLE s_staging.stg_pengajuan_pose_qrset; CREATE TABLE s_staging.stg_pengajuan_pose_qrset ( id text NOT NULL, ""timestamp"" timestamptz NULL, regional_office text NULL, meri_name text NULL, leader_name text NULL, jenis_pengajuan text NULL, subscribe_package text NULL, total_revenue text NULL, merchant_name text NULL, merchant_address text NULL, owner_name text NULL, owner_phone text NULL, serial_number text NULL, owner_email text NULL, menu_photo text NULL, qr_statis_photo text NULL, owner_identity_photo text NULL, fra_photo text NULL, jumlah_pengajuan text NULL, privacy_policy text NULL, front_merchant_photo text NULL, surat_kuasa text NULL, npwp text NULL, side_merchant_photo text NULL, inside_merchant_photo text NULL, no_rekening text NULL, rekening_name text NULL, description text NULL, pose_type text NULL, jumlah_dan_tid text NULL, bukti_subscribe text NULL, invoice_pembayaran text NULL, payment_status text NULL, ""implementation"" text NULL, expired_date timestamptz NULL, paid_date timestamptz NULL, updated_at timestamptz DEFAULT now() NULL, merchant_username text NULL, CONSTRAINT pengajuan_pose_qrset_pkey PRIMARY KEY (id) );",,,,
32,s_cdc_cl.users,Table,"CREATE TABLE s_cdc_cl.users ( id int8 NOT NULL, created_at timestamp(6) NULL, updated_at timestamp(6) NULL, deleted_at timestamp(6) NULL, ""name"" text NULL, ""password"" text NULL, initial text NULL, email text NULL, role_id int8 NULL, phone_number int8 NULL, passcode text NULL, invalid_count int8 NULL, refresh_token text NULL, __deleted text NULL, cdc_sync_at_utc timestamp(6) NULL, CONSTRAINT users_pkey PRIMARY KEY (id) );",,,,
33,s_cdc_subscription.users,Table,"-- s_cdc_subscription.users definition -- Drop table -- DROP TABLE s_cdc_subscription.users; CREATE TABLE s_cdc_subscription.users ( id int8 NOT NULL, created_at timestamp(6) NULL, updated_at timestamp(6) NULL, deleted_at timestamp(6) NULL, email text NULL, username text NULL, fullname text NULL, ""password"" text NULL, no_hp text NULL, pin int8 NULL, firebase_id text NULL, wallet float8 NULL, access_token text NULL, refresh_token text NULL, ""type"" int2 NULL, __deleted text NULL, cdc_sync_at_utc timestamp(6) NULL, CONSTRAINT users_pkey PRIMARY KEY (id) ); CREATE INDEX i_cdc_subscription_users_created_at ON s_cdc_subscription.users USING btree (created_at);",,,,
34,s_cdc_cl.roles,Table,"-- s_cdc_cl.roles definition -- Drop table -- DROP TABLE s_cdc_cl.roles; CREATE TABLE s_cdc_cl.roles ( id int8 NOT NULL, created_at timestamp(6) NULL, updated_at timestamp(6) NULL, deleted_at timestamp(6) NULL, ""name"" text NULL, description text NULL, super_user int2 NULL, __deleted text NULL, cdc_sync_at_utc timestamp(6) NULL, CONSTRAINT roles_pkey PRIMARY KEY (id) );",,,,
35,s_cdc_cl.mid_employees,Table,"-- s_cdc_cl.mid_employees definition -- Drop table -- DROP TABLE s_cdc_cl.mid_employees; CREATE TABLE s_cdc_cl.mid_employees ( id int8 NOT NULL, created_at timestamp(6) NULL, updated_at timestamp(6) NULL, deleted_at timestamp(6) NULL, user_id int8 NULL, mid_id int8 NULL, status int2 NULL, __deleted text NULL, cdc_sync_at_utc timestamp(6) NULL, CONSTRAINT mid_employees_pkey PRIMARY KEY (id) );",,,,
36,s_cdc_cl.attendances,Table,"-- s_cdc_cl.attendances definition -- Drop table -- DROP TABLE s_cdc_cl.attendances; CREATE TABLE s_cdc_cl.attendances ( id int8 NOT NULL, created_at timestamp(6) NULL, updated_at timestamp(6) NULL, deleted_at timestamp(6) NULL, employement_id int8 NULL, tid text NULL, check_in timestamp(6) NULL, check_out timestamp(6) NULL, add_info text NULL, __deleted text NULL, cdc_sync_at_utc timestamp(6) NULL, CONSTRAINT attendances_pkey PRIMARY KEY (id) );",,,,
37,s_cdc_mongocl.user_points,Table,"-- s_cdc_mongocl.user_points definition -- Drop table -- DROP TABLE s_cdc_mongocl.user_points; CREATE TABLE s_cdc_mongocl.user_points ( id text NOT NULL, _id text NULL, createdat timestamp(6) NULL, updatedat timestamp(6) NULL, datetime timestamp(6) NULL, userid int8 NULL, point float8 NULL, mid text NULL, tid text NULL, rc text NULL, statuspoint int4 NULL, paymenttype text NULL, paymentcategory text NULL, paymentfeatures text NULL, transactionid text NULL, transactionidvoid text NULL, trxsettlement text NULL, referencenumber text NULL, tracenumber text NULL, transactionsettle_paid text NULL, transactionsettle_unpaid text NULL, transactionsettle_void text NULL, __deleted bool NULL, cdc_sync_at_utc timestamp(6) NULL, note text NULL, rewardname text NULL, rewardid int8 NULL, phone text NULL, ""day"" int4 NULL, CONSTRAINT user_points_pkey PRIMARY KEY (id) );",,,,
38,s_view.dim_date,Table,"CREATE TABLE s_view.dim_date ( date_id date NOT NULL, ""year"" int4 NULL, quarter int4 NULL, ""month"" int4 NULL, month_name text NULL, week_of_year int4 NULL, day_of_week int4 NULL, day_name text NULL, day_of_month int4 NULL, is_weekend bool NULL, CONSTRAINT dim_date_pkey PRIMARY KEY (date_id) );",,,,
39,s_cdc_tap.ro_mavis,Table,"CREATE TABLE s_cdc_tap.ro_mavis ( id int8 NOT NULL, created_at timestamp(6) NULL, updated_at timestamp(6) NULL, deleted_at timestamp(6) NULL, ""name"" text NULL, address text NULL, province_id int8 NULL, regency_id int8 NULL, longitude float8 NULL, latitude float8 NULL, user_tag_id int8 NULL, __deleted text NULL, cdc_sync_at_utc timestamp(6) NULL, CONSTRAINT ro_mavis_pkey PRIMARY KEY (id) ); CREATE INDEX i_cdc_tap_ro_mavis_cdc_sync_at_utc ON s_cdc_tap.ro_mavis USING btree (cdc_sync_at_utc); CREATE INDEX i_cdc_tap_ro_mavis_created_at ON s_cdc_tap.ro_mavis USING btree (created_at); CREATE INDEX i_cdc_tap_ro_mavis_province_id ON s_cdc_tap.ro_mavis USING btree (province_id); CREATE INDEX i_cdc_tap_ro_mavis_regency_id ON s_cdc_tap.ro_mavis USING btree (regency_id); CREATE INDEX i_cdc_tap_ro_mavis_user_tag_id ON s_cdc_tap.ro_mavis USING btree (user_tag_id);",,,,
40,s_view.pose_subs_log,View,"-- s_view.pose_subs_log source CREATE OR REPLACE VIEW s_view.pose_subs_log AS WITH RECURSIVE tap_order AS ( SELECT pose_subscription_histories.order_id, pose_subscription_histories.pose_subscription_id, pose_subscription_histories.updated_at, pose_subscription_histories.cdc_sync_at_utc FROM s_cdc_tap.pose_subscription_histories WHERE pose_subscription_histories.subscribe_at IS NOT NULL ), subs_detail AS ( SELECT GREATEST(sdl.created_at, ps.updated_at) AS created_at, GREATEST(sdl.updated_at, ps.updated_at) AS updated_at, GREATEST(sdl.cdc_sync_at_utc, ps.cdc_sync_at_utc) AS cdc_sync_at_utc, sdl.subs_log_id, sdl.package_service_id, sdl.qty, sdl.qty * ps.price AS price, ps.name FROM s_cdc_subscription.subs_detail_logs sdl LEFT JOIN s_cdc_subscription.package_services ps ON ps.id = sdl.package_service_id ), raw_data AS ( SELECT ssl.id, ssl.created_at, ssl.updated_at, ssl.deleted_at, ssl.user_id, ssl.package_sub_id, ssl.is_paid, ssl.is_first_time, ssl.payment_method, ssl.payment_date, ssl.start_date, ssl.expired_date, ssl.bank_code, ssl.bank_name, ssl.adm_fee, ssl.payment_link, ssl.order_id, ssl.total_price, ssl.type, ssl.__deleted, ssl.cdc_sync_at_utc, sum( CASE WHEN sps.service_id = 1 THEN sps.price::numeric WHEN sps.service_id = 2 THEN (sd.price * sps.period)::numeric * 0.89 ELSE 0::numeric END) OVER (PARTITION BY ssl.order_id) AS total_order_price, CASE WHEN sps.service_id = 1 THEN sps.price::numeric WHEN sps.service_id = 2 THEN (sd.price * sps.period)::numeric * 0.89 ELSE NULL::bigint::numeric END AS price, sd.qty, ssl.voucher_value, CASE WHEN sps.service_id = 1 THEN ssl.tax::numeric WHEN sps.service_id = 2 THEN (sd.price * sps.period)::numeric * 0.11 ELSE NULL::bigint::numeric END AS tax, CASE WHEN sps.service_id = 1 THEN 'POSe Mobile'::text WHEN sps.service_id = 2 THEN sd.name ELSE NULL::text END AS name, sps.service_id, sd.package_service_id, sps.period, sps.bonus, sps.uom, sps.code, su.username, su.email, su.fullname, su.no_hp, su.wallet, pu.merchant_id, too.pose_subscription_id, sps.updated_at AS sps_updated_at, sps.cdc_sync_at_utc AS sps_cdc_sync_at_utc, too.updated_at AS too_updated_at, too.cdc_sync_at_utc AS too_cdc_sync_at_utc, sd.created_at AS sd_created_at, sd.updated_at AS sd_updated_at, sd.cdc_sync_at_utc AS sd_cdc_sync_at_utc FROM s_cdc_subscription.subs_logs ssl LEFT JOIN s_cdc_subscription.package_subs sps ON ssl.package_sub_id = sps.id LEFT JOIN tap_order too ON too.order_id = ssl.order_id LEFT JOIN s_cdc_subscription.users su ON su.id = ssl.user_id LEFT JOIN ( SELECT users.username, users.merchant_id, row_number() OVER (PARTITION BY users.username ORDER BY users.created_at DESC, users.id DESC) AS rn FROM s_cdc_pose.users) pu ON pu.username = su.username AND pu.rn = 1 LEFT JOIN subs_detail sd ON sd.subs_log_id = ssl.id WHERE ssl.is_paid = 1 ), ordered_subs AS ( SELECT distinct_subs.id, distinct_subs.username, distinct_subs.payment_date, distinct_subs.period, distinct_subs.bonus, distinct_subs.uom, row_number() OVER (PARTITION BY distinct_subs.username ORDER BY distinct_subs.payment_date, distinct_subs.id) AS rn FROM ( SELECT DISTINCT raw_data.id, raw_data.username, raw_data.payment_date, raw_data.period, raw_data.bonus, raw_data.uom FROM raw_data) distinct_subs ), cte_dates AS ( SELECT r.id, r.username, r.rn, r.payment_date::timestamp with time zone AS start_date, (r.payment_date::date + concat_ws(' '::text, r.period + r.bonus, r.uom)::interval + '1 day'::interval - '00:00:01'::interval)::timestamp with time zone AS expired_date FROM ordered_subs r WHERE r.rn = 1 UNION ALL SELECT r.id, r.username, r.rn, CASE WHEN r.payment_date > rec.expired_date THEN r.payment_date::timestamp with time zone ELSE rec.expired_date + '00:00:01'::interval END AS start_date, CASE WHEN r.payment_date > rec.expired_date THEN r.payment_date::timestamp with time zone ELSE rec.expired_date + '00:00:01'::interval END + concat_ws(' '::text, r.period + r.bonus, r.uom)::interval + '1 day'::interval - '00:00:01'::interval AS expired_date FROM ordered_subs r JOIN cte_dates rec ON r.username = rec.username AND r.rn = (rec.rn + 1) ) SELECT rd.id AS subs_id, rd.pose_subscription_id, rd.user_id, rd.merchant_id, rd.username, rd.fullname, rd.email, rd.no_hp, rd.wallet, rd.order_id, rd.price, rd.qty, CASE WHEN rd.total_order_price > 0::numeric THEN rd.price / rd.total_order_price * rd.voucher_value::numeric ELSE 0::numeric END AS voucher_value_item, rd.voucher_value, rd.tax, rd.name, rd.service_id, rd.package_service_id, rd.period, rd.uom, rd.code, concat_ws(' '::text, rd.period, rd.uom) AS package, concat_ws(' '::text, rd.period + rd.bonus, rd.uom) AS real_package, NULLIF(rd.payment_method, ''::text) AS payment_method, rd.payment_date, cd.start_date, cd.expired_date, rd.is_first_time, rd.is_paid, rd.bank_code, rd.bank_name, rd.package_sub_id, CASE WHEN now() >= cd.start_date AND now() <= cd.expired_date AND rd.is_paid = 1 THEN 1 ELSE 0 END AS is_active, rd.created_at, GREATEST(rd.updated_at, rd.sps_updated_at, rd.too_updated_at, rd.sd_updated_at) AS updated_at, rd.deleted_at, GREATEST(rd.cdc_sync_at_utc, rd.sps_cdc_sync_at_utc, rd.too_cdc_sync_at_utc, rd.sd_cdc_sync_at_utc) AS cdc_sync_at_utc FROM raw_data rd JOIN cte_dates cd ON rd.id = cd.id;",,dijoin,,"[47,48,49,50,51,52,53]"
41,s_view.tap_users_sales,View,"-- s_view.tap_users_sales source CREATE OR REPLACE VIEW s_view.tap_users_sales AS WITH users AS ( SELECT DISTINCT tu.created_at, tu.updated_at, tu.deleted_at, tu.deactivation_date, tu.joining_date, tu.id, tu.nik_pcs, tu.username, tu.email, tu.nama_lengkap, tu.referral_code, tc.name AS company, tu.leader_id, tr.name AS role, tu.ro_mavis_id, GREATEST(tu.cdc_sync_at_utc, tc.cdc_sync_at_utc, tmhr.cdc_sync_at_utc, tr.cdc_sync_at_utc) AS cdc_sync_at_utc FROM s_cdc_tap.users tu LEFT JOIN s_cdc_tap.companies tc ON tc.id = tu.company_id LEFT JOIN s_cdc_tap.model_has_roles tmhr ON tmhr.model_id = tu.id LEFT JOIN s_cdc_tap.roles tr ON tr.id = tmhr.role_id ), users_sales AS ( SELECT DISTINCT ON (u.id) u.created_at, u.updated_at, u.deleted_at, u.deactivation_date, u.joining_date, u.id, u.nik_pcs, u.username, u.email, u.nama_lengkap, u.referral_code, u.company, u.role, u.leader_id, l.id AS sales_leader_id, l.nama_lengkap AS leader_name, m.id AS sales_manager_id, m.nama_lengkap AS manager_name, h.id AS sales_head_id, h.nama_lengkap AS head_name, trm.name AS area, GREATEST(u.cdc_sync_at_utc, l.cdc_sync_at_utc, m.cdc_sync_at_utc, h.cdc_sync_at_utc, trm.cdc_sync_at_utc) AS cdc_sync_at_utc FROM users u LEFT JOIN users l ON l.id = u.leader_id AND l.role = 'Leader'::text LEFT JOIN users m ON m.id = l.leader_id AND m.role ~~ '%Manager%'::text LEFT JOIN users h ON h.id = m.leader_id AND h.role = 'Head'::text LEFT JOIN s_cdc_tap.ro_mavis trm ON trm.id = h.ro_mavis_id WHERE u.role = 'Sales'::text ORDER BY u.id, (GREATEST(u.cdc_sync_at_utc, l.cdc_sync_at_utc, m.cdc_sync_at_utc, h.cdc_sync_at_utc, trm.cdc_sync_at_utc)) DESC ), users_leader AS ( SELECT DISTINCT ON (u.id) u.created_at, u.updated_at, u.deleted_at, u.deactivation_date, u.joining_date, u.id, u.nik_pcs, u.username, u.email, u.nama_lengkap, u.referral_code, u.company, u.role, u.leader_id, u.id AS sales_leader_id, u.nama_lengkap AS leader_name, m.id AS sales_manager_id, m.nama_lengkap AS manager_name, h.id AS sales_head_id, h.nama_lengkap AS head_name, trm.name AS area, GREATEST(u.cdc_sync_at_utc, m.cdc_sync_at_utc, h.cdc_sync_at_utc, trm.cdc_sync_at_utc) AS cdc_sync_at_utc FROM users u LEFT JOIN users m ON m.id = u.leader_id AND m.role ~~ '%Manager%'::text LEFT JOIN users h ON h.id = m.leader_id AND h.role = 'Head'::text LEFT JOIN s_cdc_tap.ro_mavis trm ON trm.id = h.ro_mavis_id WHERE u.role = 'Leader'::text ORDER BY u.id, (GREATEST(u.cdc_sync_at_utc, m.cdc_sync_at_utc, h.cdc_sync_at_utc, trm.cdc_sync_at_utc)) DESC ), users_manager AS ( SELECT DISTINCT ON (u.id) u.created_at, u.updated_at, u.deleted_at, u.deactivation_date, u.joining_date, u.id, u.nik_pcs, u.username, u.email, u.nama_lengkap, u.referral_code, u.company, u.role, u.leader_id, u.id AS sales_leader_id, u.nama_lengkap AS leader_name, u.id AS sales_manager_id, u.nama_lengkap AS manager_name, h.id AS sales_head_id, h.nama_lengkap AS head_name, trm.name AS area, GREATEST(u.cdc_sync_at_utc, h.cdc_sync_at_utc, trm.cdc_sync_at_utc) AS cdc_sync_at_utc FROM users u LEFT JOIN users h ON h.id = u.leader_id AND h.role = 'Head'::text LEFT JOIN s_cdc_tap.ro_mavis trm ON trm.id = h.ro_mavis_id WHERE u.role ~~ '%Manager%'::text ORDER BY u.id, (GREATEST(u.cdc_sync_at_utc, h.cdc_sync_at_utc, trm.cdc_sync_at_utc)) DESC ), users_head AS ( SELECT DISTINCT ON (u.id) u.created_at, u.updated_at, u.deleted_at, u.deactivation_date, u.joining_date, u.id, u.nik_pcs, u.username, u.email, u.nama_lengkap, u.referral_code, u.company, u.role, u.leader_id, u.id AS sales_leader_id, u.nama_lengkap AS leader_name, u.id AS sales_manager_id, u.nama_lengkap AS manager_name, u.id AS sales_head_id, u.nama_lengkap AS head_name, trm.name AS area, GREATEST(u.cdc_sync_at_utc, trm.cdc_sync_at_utc) AS cdc_sync_at_utc FROM users u LEFT JOIN s_cdc_tap.ro_mavis trm ON trm.id = u.ro_mavis_id WHERE u.role = 'Head'::text ORDER BY u.id, (GREATEST(u.cdc_sync_at_utc, trm.cdc_sync_at_utc)) DESC ) SELECT users_sales.created_at, users_sales.updated_at, users_sales.deleted_at, users_sales.deactivation_date, users_sales.joining_date, users_sales.id, users_sales.nik_pcs, users_sales.username, users_sales.email, users_sales.nama_lengkap, users_sales.referral_code, users_sales.company, users_sales.role, users_sales.leader_id, users_sales.sales_leader_id, users_sales.leader_name, users_sales.sales_manager_id, users_sales.manager_name, users_sales.sales_head_id, users_sales.head_name, users_sales.area, users_sales.cdc_sync_at_utc FROM users_sales UNION SELECT users_leader.created_at, users_leader.updated_at, users_leader.deleted_at, users_leader.deactivation_date, users_leader.joining_date, users_leader.id, users_leader.nik_pcs, users_leader.username, users_leader.email, users_leader.nama_lengkap, users_leader.referral_code, users_leader.company, users_leader.role, users_leader.leader_id, users_leader.sales_leader_id, users_leader.leader_name, users_leader.sales_manager_id, users_leader.manager_name, users_leader.sales_head_id, users_leader.head_name, users_leader.area, users_leader.cdc_sync_at_utc FROM users_leader UNION SELECT users_manager.created_at, users_manager.updated_at, users_manager.deleted_at, users_manager.deactivation_date, users_manager.joining_date, users_manager.id, users_manager.nik_pcs, users_manager.username, users_manager.email, users_manager.nama_lengkap, users_manager.referral_code, users_manager.company, users_manager.role, users_manager.leader_id, users_manager.sales_leader_id, users_manager.leader_name, users_manager.sales_manager_id, users_manager.manager_name, users_manager.sales_head_id, users_manager.head_name, users_manager.area, users_manager.cdc_sync_at_utc FROM users_manager UNION SELECT users_head.created_at, users_head.updated_at, users_head.deleted_at, users_head.deactivation_date, users_head.joining_date, users_head.id, users_head.nik_pcs, users_head.username, users_head.email, users_head.nama_lengkap, users_head.referral_code, users_head.company, users_head.role, users_head.leader_id, users_head.sales_leader_id, users_head.leader_name, users_head.sales_manager_id, users_head.manager_name, users_head.sales_head_id, users_head.head_name, users_head.area, users_head.cdc_sync_at_utc FROM users_head;",,dijoin,,"[54,55,39,56,57]"
42,s_cdc_tap.districts,Table,"CREATE TABLE s_cdc_tap.districts ( id text NOT NULL, regency_id int8 NULL, ""name"" text NOT NULL, __deleted text NULL, cdc_sync_at_utc timestamp(6) NULL, CONSTRAINT districts_pkey PRIMARY KEY (id) ); CREATE INDEX i_cdc_tap_districts_cdc_sync_at_utc ON s_cdc_tap.districts USING btree (cdc_sync_at_utc); CREATE INDEX i_cdc_tap_districts_regency_id ON s_cdc_tap.districts USING btree (regency_id);",,,,
43,s_cdc_tap.regencies,Table,"-- s_cdc_tap.regencies definition -- Drop table -- DROP TABLE s_cdc_tap.regencies; CREATE TABLE s_cdc_tap.regencies ( id int8 NOT NULL, province_id int8 NULL, ""name"" text NOT NULL, alt_name text NULL, __deleted text NULL, cdc_sync_at_utc timestamp(6) NULL, CONSTRAINT regencies_pkey PRIMARY KEY (id) ); CREATE INDEX i_cdc_tap_regencies_cdc_sync_at_utc ON s_cdc_tap.regencies USING btree (cdc_sync_at_utc); CREATE INDEX i_cdc_tap_regencies_province_id ON s_cdc_tap.regencies USING btree (province_id);",,,,
44,s_cdc_tap.provinces,Table,"CREATE TABLE s_cdc_tap.provinces ( id int8 NOT NULL, ""name"" text NULL, __deleted text NULL, cdc_sync_at_utc timestamp(6) NULL, CONSTRAINT provinces_pkey PRIMARY KEY (id) ); CREATE INDEX i_cdc_tap_provinces_cdc_sync_at_utc ON s_cdc_tap.provinces USING btree (cdc_sync_at_utc);",,,,
45,s_cdc_tap.pose_subscriptions,Table,"CREATE TABLE s_cdc_tap.pose_subscriptions ( id int8 NOT NULL, created_at timestamp(6) NULL, updated_at timestamp(6) NULL, deleted_at timestamp(6) NULL, username text NOT NULL, ""period"" int8 NULL, unit text NULL, last_payment_method text NULL, expired_at timestamp(6) NULL, referral_code text NULL, has_upcoming_subscription int2 DEFAULT 0 NULL, __deleted text NULL, cdc_sync_at_utc timestamp(6) NULL, qr_set_installation_date timestamp(6) NULL, deposit int8 NULL, add_on text NULL, ""plan"" text NULL, CONSTRAINT pose_subscriptions_pkey PRIMARY KEY (id) ); CREATE INDEX i_cdc_tap_pose_subscriptions_cdc_sync_at_utc ON s_cdc_tap.pose_subscriptions USING btree (cdc_sync_at_utc); CREATE INDEX i_cdc_tap_pose_subscriptions_created_at ON s_cdc_tap.pose_subscriptions USING btree (created_at); CREATE INDEX i_cdc_tap_pose_subscriptions_expired_at ON s_cdc_tap.pose_subscriptions USING btree (expired_at); CREATE INDEX i_cdc_tap_pose_subscriptions_has_upcoming_subscription ON s_cdc_tap.pose_subscriptions USING btree (has_upcoming_subscription); CREATE INDEX i_cdc_tap_pose_subscriptions_last_payment_method ON s_cdc_tap.pose_subscriptions USING btree (last_payment_method); CREATE INDEX i_cdc_tap_pose_subscriptions_referral_code ON s_cdc_tap.pose_subscriptions USING btree (""left""(referral_code, 10)); CREATE INDEX i_cdc_tap_pose_subscriptions_username ON s_cdc_tap.pose_subscriptions USING btree (username);",,,,
46,s_cdc_tap.merchants,Table,"-- s_cdc_tap.merchants definition -- Drop table -- DROP TABLE s_cdc_tap.merchants; CREATE TABLE s_cdc_tap.merchants ( id int8 NOT NULL, created_at timestamp(6) NULL, updated_at timestamp(6) NULL, deleted_at timestamp(6) NULL, mid text NULL, mavis_ro_id int8 NULL, merchant_name text NOT NULL, merchant_category text NOT NULL, address text NOT NULL, pic text NOT NULL, pic_phone text NOT NULL, __deleted text NULL, cdc_sync_at_utc timestamp(6) NULL, CONSTRAINT merchants_pkey PRIMARY KEY (id) ); CREATE INDEX i_cdc_tap_merchants_cdc_sync_at_utc ON s_cdc_tap.merchants USING btree (cdc_sync_at_utc); CREATE INDEX i_cdc_tap_merchants_created_at ON s_cdc_tap.merchants USING btree (created_at); CREATE INDEX i_cdc_tap_merchants_mavis_ro_id ON s_cdc_tap.merchants USING btree (mavis_ro_id); CREATE INDEX i_cdc_tap_merchants_mid ON s_cdc_tap.merchants USING btree (""left""(mid, 15));",,,,
47,s_cdc_tap.pose_subscription_histories,Table,"-- s_cdc_tap.pose_subscription_histories definition -- Drop table -- DROP TABLE s_cdc_tap.pose_subscription_histories; CREATE TABLE s_cdc_tap.pose_subscription_histories ( id int8 NOT NULL, created_at timestamp(6) NULL, updated_at timestamp(6) NULL, deleted_at timestamp(6) NULL, pose_subscription_id int8 NULL, order_id text NULL, ""period"" int8 NULL, unit text NULL, payment_method text NULL, price int8 NULL, subscribe_at timestamp(6) NULL, expired_at timestamp(6) NULL, payment_at timestamp(6) NULL, status int8 NULL, __deleted text NULL, cdc_sync_at_utc timestamp(6) NULL, referral_code text NULL, deposit int8 NULL, add_on text NULL, ""plan"" text NULL, CONSTRAINT pose_subscription_histories_pkey PRIMARY KEY (id) ); CREATE INDEX i_cdc_tap_pose_subscription_histories_cdc_sync_at_utc ON s_cdc_tap.pose_subscription_histories USING btree (cdc_sync_at_utc); CREATE INDEX i_cdc_tap_pose_subscription_histories_created_at ON s_cdc_tap.pose_subscription_histories USING btree (created_at); CREATE INDEX i_cdc_tap_pose_subscription_histories_expired_at ON s_cdc_tap.pose_subscription_histories USING btree (expired_at); CREATE INDEX i_cdc_tap_pose_subscription_histories_order_id ON s_cdc_tap.pose_subscription_histories USING btree (order_id); CREATE INDEX i_cdc_tap_pose_subscription_histories_payment_at ON s_cdc_tap.pose_subscription_histories USING btree (payment_at); CREATE INDEX i_cdc_tap_pose_subscription_histories_payment_method ON s_cdc_tap.pose_subscription_histories USING btree (payment_method); CREATE INDEX i_cdc_tap_pose_subscription_histories_pose_subscription_id ON s_cdc_tap.pose_subscription_histories USING btree (pose_subscription_id); CREATE INDEX i_cdc_tap_pose_subscription_histories_status ON s_cdc_tap.pose_subscription_histories USING btree (status); CREATE INDEX i_cdc_tap_pose_subscription_histories_subscribe_at ON s_cdc_tap.pose_subscription_histories USING btree (subscribe_at);",,,,
48,s_cdc_subscription.subs_detail_logs,Table,"-- s_cdc_subscription.subs_detail_logs definition -- Drop table -- DROP TABLE s_cdc_subscription.subs_detail_logs; CREATE TABLE s_cdc_subscription.subs_detail_logs ( id int8 NOT NULL, created_at timestamp(6) NULL, updated_at timestamp(6) NULL, deleted_at timestamp(6) NULL, subs_log_id int8 NOT NULL, package_service_id int8 NOT NULL, qty int8 NOT NULL, price int8 NOT NULL, __deleted text NULL, cdc_sync_at_utc timestamp(6) NULL, CONSTRAINT subs_detail_logs_pkey PRIMARY KEY (id) );",,,,
49,s_cdc_subscription.package_services,Table,"-- s_cdc_subscription.package_services definition -- Drop table -- DROP TABLE s_cdc_subscription.package_services; CREATE TABLE s_cdc_subscription.package_services ( id int8 NOT NULL, created_at timestamp(6) NULL, updated_at timestamp(6) NULL, deleted_at timestamp(6) NULL, service_id int8 NOT NULL, ""name"" text NOT NULL, description text NOT NULL, detail text NULL, price int8 NOT NULL, guarantee_cost int8 DEFAULT 0 NOT NULL, uom text NULL, ""type"" text DEFAULT 'fixed'::text NOT NULL, is_add_on int2 DEFAULT 0 NULL, __deleted text NULL, cdc_sync_at_utc timestamp(6) NULL, CONSTRAINT package_services_pkey PRIMARY KEY (id) );",,,,
50,s_cdc_subscription.subs_logs,Table,"-- s_cdc_subscription.subs_logs definition -- Drop table -- DROP TABLE s_cdc_subscription.subs_logs; CREATE TABLE s_cdc_subscription.subs_logs ( id int8 NOT NULL, created_at timestamp(6) NULL, updated_at timestamp(6) NULL, deleted_at timestamp(6) NULL, user_id int8 NULL, package_sub_id int8 NULL, is_paid int2 DEFAULT 0 NULL, is_first_time int2 NULL, payment_method text NULL, payment_date timestamp(6) NULL, start_date timestamp(6) NULL, expired_date timestamp(6) NULL, bank_code text NULL, bank_name text NULL, adm_fee int8 NULL, payment_link text NULL, order_id text NULL, tax int8 NULL, total_price int8 NULL, ""type"" int2 NULL, __deleted text NULL, cdc_sync_at_utc timestamp(6) NULL, referral_code text NULL, payment_expired timestamp(6) NULL, voucher_type text NULL, voucher_value int8 NULL, CONSTRAINT subs_logs_pkey PRIMARY KEY (id) ); CREATE INDEX i_cdc_subscription_subs_logs_created_at ON s_cdc_subscription.subs_logs USING btree (created_at); CREATE INDEX i_cdc_subscription_subs_logs_expired_date ON s_cdc_subscription.subs_logs USING btree (expired_date); CREATE INDEX i_cdc_subscription_subs_logs_is_paid ON s_cdc_subscription.subs_logs USING btree (is_paid); CREATE INDEX i_cdc_subscription_subs_logs_package_sub_id ON s_cdc_subscription.subs_logs USING btree (package_sub_id); CREATE INDEX i_cdc_subscription_subs_logs_user_id ON s_cdc_subscription.subs_logs USING btree (user_id);",,,,
51,s_cdc_subscription.package_subs,Table,"-- s_cdc_subscription.package_subs definition -- Drop table -- DROP TABLE s_cdc_subscription.package_subs; CREATE TABLE s_cdc_subscription.package_subs ( id int8 NOT NULL, created_at timestamp(6) NULL, updated_at timestamp(6) NULL, deleted_at timestamp(6) NULL, ""period"" int8 NULL, uom text NULL, price int8 NULL, active int2 DEFAULT 0 NULL, bonus int8 NULL, code text NULL, start_at timestamp(6) NULL, end_at timestamp(6) NULL, ""type"" int2 NULL, __deleted text NULL, cdc_sync_at_utc timestamp(6) NULL, service_id int8 NULL, CONSTRAINT package_subs_pkey PRIMARY KEY (id) ); CREATE INDEX i_cdc_subscription_package_subs_created_at ON s_cdc_subscription.package_subs USING btree (created_at);",,,,
52,s_cdc_subscription.users,Table,"-- s_cdc_subscription.users definition -- Drop table -- DROP TABLE s_cdc_subscription.users; CREATE TABLE s_cdc_subscription.users ( id int8 NOT NULL, created_at timestamp(6) NULL, updated_at timestamp(6) NULL, deleted_at timestamp(6) NULL, email text NULL, username text NULL, fullname text NULL, ""password"" text NULL, no_hp text NULL, pin int8 NULL, firebase_id text NULL, wallet float8 NULL, access_token text NULL, refresh_token text NULL, ""type"" int2 NULL, __deleted text NULL, cdc_sync_at_utc timestamp(6) NULL, CONSTRAINT users_pkey PRIMARY KEY (id) ); CREATE INDEX i_cdc_subscription_users_created_at ON s_cdc_subscription.users USING btree (created_at);",,,,
53,s_cdc_pose.users,Table,"-- s_cdc_pose.users definition -- Drop table -- DROP TABLE s_cdc_pose.users; CREATE TABLE s_cdc_pose.users ( id int8 NOT NULL, created_at timestamp(6) NULL, updated_at timestamp(6) NULL, deleted_at timestamp(6) NULL, ""name"" text NULL, email text NULL, username text NULL, ""password"" text NULL, phone text NULL, store_id int8 NULL, merchant_id int8 NULL, status int2 NULL, longitude float8 NULL, latitude float8 NULL, role_id int8 NULL, acl text NULL, failed_attempt int8 DEFAULT 0 NULL, ban timestamp(6) NULL, ""token"" text NULL, app_version text NULL, client_id int8 NULL, token_password text NULL, company_id int8 NULL, is_mobile int2 NULL, region_office_id int8 NULL, sn text NULL, is_subscription int2 NULL, __deleted text NULL, cdc_sync_at_utc timestamp(6) NULL, warehouse_id int8 NULL, CONSTRAINT users_pkey PRIMARY KEY (id) ); CREATE INDEX i_cdc_pose_users_cdc_sync_at_utc ON s_cdc_pose.users USING btree (cdc_sync_at_utc); CREATE INDEX i_cdc_pose_users_client_id ON s_cdc_pose.users USING btree (client_id); CREATE INDEX i_cdc_pose_users_company_id ON s_cdc_pose.users USING btree (company_id); CREATE INDEX i_cdc_pose_users_created_at ON s_cdc_pose.users USING btree (created_at); CREATE INDEX i_cdc_pose_users_merchant_id ON s_cdc_pose.users USING btree (merchant_id); CREATE INDEX i_cdc_pose_users_region_office_id ON s_cdc_pose.users USING btree (region_office_id); CREATE INDEX i_cdc_pose_users_role_id ON s_cdc_pose.users USING btree (role_id); CREATE INDEX i_cdc_pose_users_store_id ON s_cdc_pose.users USING btree (store_id);",,,,
54,s_cdc_tap.companies,Table,"CREATE TABLE s_cdc_tap.companies ( id int8 NOT NULL, ""name"" text NOT NULL, created_at timestamp(6) NULL, updated_at timestamp(6) NULL, deleted_at timestamp(6) NULL, __deleted text NULL, cdc_sync_at_utc timestamp(6) NULL, CONSTRAINT companies_pkey PRIMARY KEY (id) ); CREATE INDEX i_cdc_tap_companies_cdc_sync_at_utc ON s_cdc_tap.companies USING btree (cdc_sync_at_utc); CREATE INDEX i_cdc_tap_companies_created_at ON s_cdc_tap.companies USING btree (created_at);",,,,
55,s_cdc_tap.model_has_roles,Table,"-- s_cdc_tap.model_has_roles definition -- Drop table -- DROP TABLE s_cdc_tap.model_has_roles; CREATE TABLE s_cdc_tap.model_has_roles ( role_id int8 NOT NULL, model_id int8 NOT NULL, model_type text DEFAULT 'AppModelsUser'::text NOT NULL, __deleted text NULL, cdc_sync_at_utc timestamp(6) NULL, CONSTRAINT model_has_roles_pkey PRIMARY KEY (role_id, model_id, model_type) ); CREATE INDEX i_cdc_tap_model_has_roles_cdc_sync_at_utc ON s_cdc_tap.model_has_roles USING btree (cdc_sync_at_utc);",,,,
56,s_cdc_tap.roles,Table,"-- s_cdc_tap.roles definition -- Drop table -- DROP TABLE s_cdc_tap.roles; CREATE TABLE s_cdc_tap.roles ( id int8 NOT NULL, ""name"" text NOT NULL, created_at timestamptz(6) NULL, updated_at timestamptz(6) NULL, deleted_at timestamp(6) NULL, __deleted text NULL, cdc_sync_at_utc timestamp(6) NULL, CONSTRAINT roles_pkey PRIMARY KEY (id) ); CREATE INDEX i_cdc_tap_roles_cdc_sync_at_utc ON s_cdc_tap.roles USING btree (cdc_sync_at_utc); CREATE INDEX i_cdc_tap_roles_created_at ON s_cdc_tap.roles USING btree (created_at); CREATE INDEX i_cdc_tap_roles_name ON s_cdc_tap.roles USING btree (name);",,,,
57,s_cdc_tap.users,Table,"-- s_cdc_tap.users definition -- Drop table -- DROP TABLE s_cdc_tap.users; CREATE TABLE s_cdc_tap.users ( id int8 NOT NULL, username text NULL, nama_lengkap text NULL, phone text NULL, email text NULL, nik_pcs text NOT NULL, jenis_recuirement int8 NULL, status int8 DEFAULT 1 NOT NULL, kantor_wilayah text NULL, joining_date date NULL, photo_profile text DEFAULT 'default.png'::text NOT NULL, email_verified_at timestamptz(6) NULL, ""password"" text NULL, api_token text NULL, remember_token text NULL, created_at timestamptz(6) NULL, updated_at timestamptz(6) NULL, leader_id int8 NULL, deleted_at timestamp(6) NULL, company_id int8 NULL, bank_id int8 NULL, referral_code text NULL, user_tag_id int8 NULL, ro_mavis_id int8 NULL, deactivation_date timestamp(6) NULL, scheme_id int8 NULL, user_group_id int8 NULL, __deleted text NULL, cdc_sync_at_utc timestamp(6) NULL, CONSTRAINT users_pkey PRIMARY KEY (id) ); CREATE INDEX i_cdc_tap_users_bank_id ON s_cdc_tap.users USING btree (bank_id); CREATE INDEX i_cdc_tap_users_cdc_sync_at_utc ON s_cdc_tap.users USING btree (cdc_sync_at_utc); CREATE INDEX i_cdc_tap_users_company_id ON s_cdc_tap.users USING btree (company_id); CREATE INDEX i_cdc_tap_users_created_at ON s_cdc_tap.users USING btree (created_at); CREATE INDEX i_cdc_tap_users_deactivation_date ON s_cdc_tap.users USING btree (deactivation_date); CREATE INDEX i_cdc_tap_users_joining_date ON s_cdc_tap.users USING btree (joining_date); CREATE INDEX i_cdc_tap_users_leader_id ON s_cdc_tap.users USING btree (leader_id); CREATE INDEX i_cdc_tap_users_referral_code ON s_cdc_tap.users USING btree (""left""(referral_code, 10)); CREATE INDEX i_cdc_tap_users_ro_mavis_id ON s_cdc_tap.users USING btree (ro_mavis_id); CREATE INDEX i_cdc_tap_users_scheme_id ON s_cdc_tap.users USING btree (scheme_id); CREATE INDEX i_cdc_tap_users_status ON s_cdc_tap.users USING btree (status); CREATE INDEX i_cdc_tap_users_user_group_id ON s_cdc_tap.users USING btree (user_group_id); CREATE INDEX i_cdc_tap_users_user_tag_id ON s_cdc_tap.users USING btree (user_tag_id); CREATE INDEX i_cdc_tap_users_username ON s_cdc_tap.users USING btree (username);",,,,
